,id,title,isbn,isbn13,asin,kindle_asin,marketplace_id,country_code,image_url,small_image_url,publication_year,publication_month,publication_day,publisher,language_code,is_ebook,description,work,average_rating,num_pages,format,edition_information,ratings_count,text_reviews_count,url,link,authors,reviews_widget,popular_shelves,book_links,buy_links,series_works,similar_books,autor
0,53180442,Colores: Historia de su significado y fabricación,,,,,,AR,https://s.gr-assets.com/assets/nophoto/book/111x148-bcc042a9c91a29c1d680899eff700a03.png,https://s.gr-assets.com/assets/nophoto/book/50x75-a91bf249278a81aabab721ef782c4a74.png,2018,,,Gustavo Gilli,spa,false,"Color, as a means of expression, has been part of human history since handprints were first painted on cave walls. But in order to make the shades they had imagined, people had to unearth pigments and dyes often hidden deep within plants, minerals, mollusks, insects, and other natural elements. They developed complicated, dangerous, and sometimes even revolting techniques in order to achieve deep reds, luminous yellows, and the most beautiful blues. <br /><br />Archaeologist and ethnologist Anne Varichon takes the reader on a fascinating journey that examines not only the variety and use of natural colorants—and how to reproduce them today—but also their symbolism and mythology. From Confucian China to medieval Europe, from the Papuans to the Inuit, she travels across the centuries and around the world in this absorbing, and often surprising, cultural history of the sources and meanings of color.","OrderedDict([('id', OrderedDict([('@type', 'integer'), ('#text', '1251386')])), ('books_count', OrderedDict([('@type', 'integer'), ('#text', '4')])), ('best_book_id', OrderedDict([('@type', 'integer'), ('#text', '1262526')])), ('reviews_count', OrderedDict([('@type', 'integer'), ('#text', '160')])), ('ratings_sum', OrderedDict([('@type', 'integer'), ('#text', '194')])), ('ratings_count', OrderedDict([('@type', 'integer'), ('#text', '49')])), ('text_reviews_count', OrderedDict([('@type', 'integer'), ('#text', '11')])), ('original_publication_year', OrderedDict([('@type', 'integer'), ('#text', '2007')])), ('original_publication_month', OrderedDict([('@type', 'integer'), ('#text', '3')])), ('original_publication_day', OrderedDict([('@type', 'integer'), ('#text', '1')])), ('original_title', 'Colors: What They Mean and How to Make Them'), ('original_language_id', OrderedDict([('@type', 'integer'), ('@nil', 'true')])), ('media_type', OrderedDict([('@nil', 'true')])), ('rating_dist', '5:13|4:23|3:11|2:2|1:0|total:49'), ('desc_user_id', OrderedDict([('@type', 'integer'), ('#text', '-30')])), ('default_chaptering_book_id', OrderedDict([('@type', 'integer'), ('@nil', 'true')])), ('default_description_language_code', OrderedDict([('@nil', 'true')])), ('work_uri', 'kca://work/amzn1.gr.work.v1.jAcje3b-YH9phv4FQ95_Rg')])",3.96,288,Paperback,,0,0,https://www.goodreads.com/book/show/53180442-colores,https://www.goodreads.com/book/show/53180442-colores,"OrderedDict([('author', OrderedDict([('id', '608527'), ('name', 'Anne Varichon'), ('role', None), ('image_url', OrderedDict([('@nophoto', 'true'), ('#text', 'https://s.gr-assets.com/assets/nophoto/user/u_200x266-e183445fd1a1b5cc7075bb1cf7043306.png')])), ('small_image_url', OrderedDict([('@nophoto', 'true'), ('#text', 'https://s.gr-assets.com/assets/nophoto/user/u_50x66-632230dc9882b4352d753eedf9396530.png')])), ('link', 'https://www.goodreads.com/author/show/608527.Anne_Varichon'), ('average_rating', '3.95'), ('ratings_count', '59'), ('text_reviews_count', '12')]))])","<style>
  #goodreads-widget {
    font-family: georgia, serif;
    padding: 18px 0;
    width:565px;
  }
  #goodreads-widget h1 {
    font-weight:normal;
    font-size: 16px;
    border-bottom: 1px solid #BBB596;
    margin-bottom: 0;
  }
  #goodreads-widget a {
    text-decoration: none;
    color:#660;
  }
  iframe{
    background-color: #fff;
  }
  #goodreads-widget a:hover { text-decoration: underline; }
  #goodreads-widget a:active {
    color:#660;
  }
  #gr_footer {
    width: 100%;
    border-top: 1px solid #BBB596;
    text-align: right;
  }
  #goodreads-widget .gr_branding{
    color: #382110;
    font-size: 11px;
    text-decoration: none;
    font-family: ""Helvetica Neue"", Helvetica, Arial, sans-serif;
  }
</style>
<div id=""goodreads-widget"">
  <div id=""gr_header""><h1><a rel=""nofollow"" href=""https://www.goodreads.com/book/show/53180442-colores"">Colores Reviews</a></h1></div>
  <iframe id=""the_iframe"" src=""https://www.goodreads.com/api/reviews_widget_iframe?did=DEVELOPER_ID&amp;format=html&amp;links=660&amp;min_rating=&amp;review_back=fff&amp;stars=000&amp;text=000"" width=""565"" height=""400"" frameborder=""0""></iframe>
  <div id=""gr_footer"">
    <a class=""gr_branding"" target=""_blank"" rel=""nofollow noopener noreferrer"" href=""https://www.goodreads.com/book/show/53180442-colores?utm_medium=api&amp;utm_source=reviews_widget"">Reviews from Goodreads.com</a>
  </div>
</div>","OrderedDict([('shelf', [OrderedDict([('@name', 'to-read'), ('@count', '77')]), OrderedDict([('@name', 'art'), ('@count', '7')]), OrderedDict([('@name', 'non-fiction'), ('@count', '5')]), OrderedDict([('@name', 'currently-reading'), ('@count', '5')]), OrderedDict([('@name', 'color'), ('@count', '3')]), OrderedDict([('@name', 'historia'), ('@count', '2')]), OrderedDict([('@name', 'colors'), ('@count', '2')]), OrderedDict([('@name', 'crafts'), ('@count', '2')]), OrderedDict([('@name', 'resources'), ('@count', '1')]), OrderedDict([('@name', 'athome'), ('@count', '1')]), OrderedDict([('@name', 'physically-owned'), ('@count', '1')]), OrderedDict([('@name', '家'), ('@count', '1')]), OrderedDict([('@name', 'wg-t'), ('@count', '1')]), OrderedDict([('@name', 'scottsdale'), ('@count', '1')]), OrderedDict([('@name', 'väri'), ('@count', '1')]), OrderedDict([('@name', 'taidehistoria'), ('@count', '1')]), OrderedDict([('@name', 'taide'), ('@count', '1')]), OrderedDict([('@name', 'oma-kirjasto'), ('@count', '1')]), OrderedDict([('@name', '31-40'), ('@count', '1')]), OrderedDict([('@name', '2020-31'), ('@count', '1')]), OrderedDict([('@name', 'todas-as-artes'), ('@count', '1')]), OrderedDict([('@name', 'uni'), ('@count', '1')]), OrderedDict([('@name', 'all-things-color'), ('@count', '1')]), OrderedDict([('@name', 'hard-copies'), ('@count', '1')]), OrderedDict([('@name', 'art-own'), ('@count', '1')]), OrderedDict([('@name', 'history-social'), ('@count', '1')]), OrderedDict([('@name', 'the-arts'), ('@count', '1')]), OrderedDict([('@name', 'history-literary-theatre-arts'), ('@count', '1')]), OrderedDict([('@name', 'art-illustration'), ('@count', '1')]), OrderedDict([('@name', 'owned-books'), ('@count', '1')]), OrderedDict([('@name', 'diseño'), ('@count', '1')]), OrderedDict([('@name', 'símbolo-y-filosofía'), ('@count', '1')]), OrderedDict([('@name', 'paint'), ('@count', '1')]), OrderedDict([('@name', 'female-authors'), ('@count', '1')]), OrderedDict([('@name', 'art-creativity'), ('@count', '1')]), OrderedDict([('@name', 'docorative-arts'), ('@count', '1')]), OrderedDict([('@name', 'msum-books'), ('@count', '1')]), OrderedDict([('@name', 'bbaa'), ('@count', '1')]), OrderedDict([('@name', 'art-conservation-related'), ('@count', '1')]), OrderedDict([('@name', 'to-buy'), ('@count', '1')]), OrderedDict([('@name', 'visual-arts'), ('@count', '1')]), OrderedDict([('@name', 'reference'), ('@count', '1')]), OrderedDict([('@name', 'history-biography'), ('@count', '1')]), OrderedDict([('@name', 'history'), ('@count', '1')]), OrderedDict([('@name', 'unread'), ('@count', '1')]), OrderedDict([('@name', 'psychology'), ('@count', '1')]), OrderedDict([('@name', 'pigment-and-dye'), ('@count', '1')]), OrderedDict([('@name', 'optics'), ('@count', '1')]), OrderedDict([('@name', 'chemistry'), ('@count', '1')]), OrderedDict([('@name', 'art-science'), ('@count', '1')]), OrderedDict([('@name', 'thinking'), ('@count', '1')]), OrderedDict([('@name', 'making'), ('@count', '1')]), OrderedDict([('@name', 'art-color-theory'), ('@count', '1')]), OrderedDict([('@name', 'books-on-colour'), ('@count', '1')]), OrderedDict([('@name', 'design-arts-crafts'), ('@count', '1')]), OrderedDict([('@name', 'own-book'), ('@count', '1')]), OrderedDict([('@name', 'colour-related'), ('@count', '1')]), OrderedDict([('@name', 'prettytolookat'), ('@count', '1')]), OrderedDict([('@name', 'artsy-musically-writing'), ('@count', '1')]), OrderedDict([('@name', 'nature-plants'), ('@count', '1')]), OrderedDict([('@name', 'art-photos'), ('@count', '1')]), OrderedDict([('@name', 'nonfiction'), ('@count', '1')]), OrderedDict([('@name', 'kirstin-livingroom'), ('@count', '1')]), OrderedDict([('@name', 'kirstin'), ('@count', '1')]), OrderedDict([('@name', 'earthly-earthlings'), ('@count', '1')]), OrderedDict([('@name', 'visual-art'), ('@count', '1')]), OrderedDict([('@name', 'athome-toread'), ('@count', '-1')]), OrderedDict([('@name', 'z2020-31'), ('@count', '-1')]), OrderedDict([('@name', 'new-books-in-decorative-arts'), ('@count', '-1')]), OrderedDict([('@name', 'visual-art-etc'), ('@count', '-1')]), OrderedDict([('@name', 'art-et-design'), ('@count', '-1')])])])","OrderedDict([('book_link', OrderedDict([('id', '8'), ('name', 'Libraries'), ('link', 'https://www.goodreads.com/book_link/follow/8')]))])","OrderedDict([('buy_link', [OrderedDict([('id', '1'), ('name', 'Amazon'), ('link', 'https://www.goodreads.com/book_link/follow/1')]), OrderedDict([('id', '10'), ('name', 'Audible'), ('link', 'https://www.goodreads.com/book_link/follow/10')]), OrderedDict([('id', '3'), ('name', 'Barnes & Noble'), ('link', 'https://www.goodreads.com/book_link/follow/3')]), OrderedDict([('id', '1027'), ('name', 'Walmart eBooks'), ('link', 'https://www.goodreads.com/book_link/follow/1027')]), OrderedDict([('id', '2102'), ('name', 'Apple Books'), ('link', 'https://www.goodreads.com/book_link/follow/2102')]), OrderedDict([('id', '8036'), ('name', 'Google Play'), ('link', 'https://www.goodreads.com/book_link/follow/8036')]), OrderedDict([('id', '4'), ('name', 'Abebooks'), ('link', 'https://www.goodreads.com/book_link/follow/4')]), OrderedDict([('id', '882'), ('name', 'Book Depository'), ('link', 'https://www.goodreads.com/book_link/follow/882')]), OrderedDict([('id', '5'), ('name', 'Alibris'), ('link', 'https://www.goodreads.com/book_link/follow/5')]), OrderedDict([('id', '9'), ('name', 'Indigo'), ('link', 'https://www.goodreads.com/book_link/follow/9')]), OrderedDict([('id', '107'), ('name', 'Better World Books'), ('link', 'https://www.goodreads.com/book_link/follow/107')]), OrderedDict([('id', '7'), ('name', 'IndieBound'), ('link', 'https://www.goodreads.com/book_link/follow/7')]), OrderedDict([('id', '92'), ('name', 'Thriftbooks'), ('link', 'https://www.goodreads.com/book_link/follow/92')])])])",,"OrderedDict([('book', [OrderedDict([('id', '539282'), ('uri', 'kca://book/amzn1.gr.book.v1.5ECXj_X7UtUPSlhDbe3gNA'), ('title', 'Fences (The Century Cycle #6)'), ('title_without_series', 'Fences'), ('link', 'https://www.goodreads.com/book/show/539282.Fences'), ('small_image_url', 'https://i.gr-assets.com/images/S/compressed.photo.goodreads.com/books/1481833774l/539282._SY75_.jpg'), ('image_url', 'https://i.gr-assets.com/images/S/compressed.photo.goodreads.com/books/1481833774l/539282._SX98_.jpg'), ('num_pages', '101'), ('work', OrderedDict([('id', '60745')])), ('isbn', '0452264014'), ('isbn13', '9780452264014'), ('average_rating', '3.96'), ('ratings_count', '49'), ('publication_year', '1986'), ('publication_month', '6'), ('publication_day', '1'), ('authors', OrderedDict([('author', OrderedDict([('id', '13944'), ('name', 'August Wilson'), ('link', 'https://www.goodreads.com/author/show/13944.August_Wilson')]))]))]), OrderedDict([('id', '95833'), ('uri', 'kca://book/amzn1.gr.book.v1.BQ3BYS58VBgpQVdnB5QmLA'), ('title', 'M. Butterfly'), ('title_without_series', 'M. Butterfly'), ('link', 'https://www.goodreads.com/book/show/95833.M_Butterfly'), ('small_image_url', 'https://s.gr-assets.com/assets/nophoto/book/50x75-a91bf249278a81aabab721ef782c4a74.png'), ('image_url', 'https://s.gr-assets.com/assets/nophoto/book/111x148-bcc042a9c91a29c1d680899eff700a03.png'), ('num_pages', '93'), ('work', OrderedDict([('id', '1820443')])), ('isbn', '0822207125'), ('isbn13', '9780822207122'), ('average_rating', '3.96'), ('ratings_count', '49'), ('publication_year', '1995'), ('publication_month', '6'), ('publication_day', '1'), ('authors', OrderedDict([('author', OrderedDict([('id', '55111'), ('name', 'David Henry Hwang'), ('link', 'https://www.goodreads.com/author/show/55111.David_Henry_Hwang')]))]))]), OrderedDict([('id', '86'), ('uri', 'kca://book/amzn1.gr.book.v1.3iCL5VqvAMJ09mry0D-KgA'), ('title', ""The Heidi Chronicles: Uncommon Women and Others & Isn't It Romantic""), ('title_without_series', ""The Heidi Chronicles: Uncommon Women and Others & Isn't It Romantic""), ('link', 'https://www.goodreads.com/book/show/86.The_Heidi_Chronicles'), ('small_image_url', 'https://i.gr-assets.com/images/S/compressed.photo.goodreads.com/books/1329241203l/86._SY75_.jpg'), ('image_url', 'https://i.gr-assets.com/images/S/compressed.photo.goodreads.com/books/1329241203l/86._SX98_.jpg'), ('num_pages', '249'), ('work', OrderedDict([('id', '4450')])), ('isbn', '0679734996'), ('isbn13', '9780679734994'), ('average_rating', '3.96'), ('ratings_count', '49'), ('publication_year', '1991'), ('publication_month', '7'), ('publication_day', '2'), ('authors', OrderedDict([('author', OrderedDict([('id', '42'), ('name', 'Wendy Wasserstein'), ('link', 'https://www.goodreads.com/author/show/42.Wendy_Wasserstein')]))]))]), OrderedDict([('id', '297779'), ('uri', 'kca://book/amzn1.gr.book.v1.B5ms64df7THFSLbSZU5E8g'), ('title', 'Master Harold...and the boys'), ('title_without_series', 'Master Harold...and the boys'), ('link', 'https://www.goodreads.com/book/show/297779.Master_Harold_and_the_boys'), ('small_image_url', 'https://s.gr-assets.com/assets/nophoto/book/50x75-a91bf249278a81aabab721ef782c4a74.png'), ('image_url', 'https://s.gr-assets.com/assets/nophoto/book/111x148-bcc042a9c91a29c1d680899eff700a03.png'), ('num_pages', '64'), ('work', OrderedDict([('id', '4351')])), ('isbn', '0140481877'), ('isbn13', '9780140481877'), ('average_rating', '3.96'), ('ratings_count', '49'), ('publication_year', '1984'), ('publication_month', '11'), ('publication_day', '6'), ('authors', OrderedDict([('author', OrderedDict([('id', '7770'), ('name', 'Athol Fugard'), ('link', 'https://www.goodreads.com/author/show/7770.Athol_Fugard')]))]))]), OrderedDict([('id', '2403970'), ('uri', 'kca://book/amzn1.gr.book.v1.HkjimMFbvId6Ph4uOPqjCg'), ('title', 'That Championship Season'), ('title_without_series', 'That Championship Season'), ('link', 'https://www.goodreads.com/book/show/2403970.That_Championship_Season'), ('small_image_url', 'https://i.gr-assets.com/images/S/compressed.photo.goodreads.com/books/1595264275l/2403970._SY75_.jpg'), ('image_url', 'https://i.gr-assets.com/images/S/compressed.photo.goodreads.com/books/1595264275l/2403970._SX98_.jpg'), ('num_pages', None), ('work', OrderedDict([('id', '2411109')])), ('isbn', '0822211262'), ('isbn13', '9780822211266'), ('average_rating', '3.96'), ('ratings_count', '49'), ('publication_year', None), ('publication_month', None), ('publication_day', None), ('authors', OrderedDict([('author', OrderedDict([('id', '4980938'), ('name', 'Jason  Miller'), ('link', 'https://www.goodreads.com/author/show/4980938.Jason_Miller')]))]))]), OrderedDict([('id', '1718506'), ('uri', 'kca://book/amzn1.gr.book.v1.raP3pKw0BLz4Ur03p9Mo7g'), ('title', 'Black Elk Speaks'), ('title_without_series', 'Black Elk Speaks'), ('link', 'https://www.goodreads.com/book/show/1718506.Black_Elk_Speaks'), ('small_image_url', 'https://i.gr-assets.com/images/S/compressed.photo.goodreads.com/books/1281522836l/1718506._SX50_.jpg'), ('image_url', 'https://i.gr-assets.com/images/S/compressed.photo.goodreads.com/books/1281522836l/1718506._SX98_.jpg'), ('num_pages', '91'), ('work', OrderedDict([('id', '39843132')])), ('isbn', '0871293048'), ('isbn13', '9780871293046'), ('average_rating', '3.96'), ('ratings_count', '49'), ('publication_year', '1993'), ('publication_month', '12'), ('publication_day', '1'), ('authors', OrderedDict([('author', OrderedDict([('id', '50422'), ('name', 'Christopher Sergel'), ('link', 'https://www.goodreads.com/author/show/50422.Christopher_Sergel')]))]))]), OrderedDict([('id', '759910'), ('uri', 'kca://book/amzn1.gr.book.v1.beJy9qjy-sv3GOjQ95hrmw'), ('title', 'Oleanna'), ('title_without_series', 'Oleanna'), ('link', 'https://www.goodreads.com/book/show/759910.Oleanna'), ('small_image_url', 'https://i.gr-assets.com/images/S/compressed.photo.goodreads.com/books/1410839392l/759910._SY75_.jpg'), ('image_url', 'https://i.gr-assets.com/images/S/compressed.photo.goodreads.com/books/1410839392l/759910._SX98_.jpg'), ('num_pages', '80'), ('work', OrderedDict([('id', '961244')])), ('isbn', '067974536X'), ('isbn13', '9780679745365'), ('average_rating', '3.96'), ('ratings_count', '49'), ('publication_year', '1993'), ('publication_month', '5'), ('publication_day', '4'), ('authors', OrderedDict([('author', OrderedDict([('id', '7711'), ('name', 'David Mamet'), ('link', 'https://www.goodreads.com/author/show/7711.David_Mamet')]))]))]), OrderedDict([('id', '281491'), ('uri', 'kca://book/amzn1.gr.book.v1.qx8ZriWbQiUjj_HNJS38Gg'), ('title', ""Plays 1: New Anatomies / The Grace of Mary Traverse / Our Country's Good / The Love of the Nightingale / Three Birds Alighting on a Field""), ('title_without_series', ""Plays 1: New Anatomies / The Grace of Mary Traverse / Our Country's Good / The Love of the Nightingale / Three Birds Alighting on a Field""), ('link', 'https://www.goodreads.com/book/show/281491.Plays_1'), ('small_image_url', 'https://i.gr-assets.com/images/S/compressed.photo.goodreads.com/books/1312014906l/281491._SY75_.jpg'), ('image_url', 'https://i.gr-assets.com/images/S/compressed.photo.goodreads.com/books/1312014906l/281491._SX98_.jpg'), ('num_pages', None), ('work', OrderedDict([('id', '273073')])), ('isbn', '0571177433'), ('isbn13', '9780571177431'), ('average_rating', '3.96'), ('ratings_count', '49'), ('publication_year', '1996'), ('publication_month', '1'), ('publication_day', '15'), ('authors', OrderedDict([('author', OrderedDict([('id', '163686'), ('name', 'Timberlake Wertenbaker'), ('link', 'https://www.goodreads.com/author/show/163686.Timberlake_Wertenbaker')]))]))]), OrderedDict([('id', '293715'), ('uri', 'kca://book/amzn1.gr.book.v1.FIO6uJEN-_vx-ZRdMmEu3A'), ('title', 'Stop Kiss'), ('title_without_series', 'Stop Kiss'), ('link', 'https://www.goodreads.com/book/show/293715.Stop_Kiss'), ('small_image_url', 'https://s.gr-assets.com/assets/nophoto/book/50x75-a91bf249278a81aabab721ef782c4a74.png'), ('image_url', 'https://s.gr-assets.com/assets/nophoto/book/111x148-bcc042a9c91a29c1d680899eff700a03.png'), ('num_pages', '96'), ('work', OrderedDict([('id', '285000')])), ('isbn', '0879517379'), ('isbn13', '9780879517373'), ('average_rating', '3.96'), ('ratings_count', '49'), ('publication_year', '1999'), ('publication_month', '11'), ('publication_day', '1'), ('authors', OrderedDict([('author', OrderedDict([('id', '169625'), ('name', 'Diana Son'), ('link', 'https://www.goodreads.com/author/show/169625.Diana_Son')]))]))]), OrderedDict([('id', '12985'), ('uri', 'kca://book/amzn1.gr.book.v1.Dc1iEK69Ic5fWe5ZSU1Ivg'), ('title', 'The Tempest'), ('title_without_series', 'The Tempest'), ('link', 'https://www.goodreads.com/book/show/12985.The_Tempest'), ('small_image_url', 'https://i.gr-assets.com/images/S/compressed.photo.goodreads.com/books/1546081115l/12985._SY75_.jpg'), ('image_url', 'https://i.gr-assets.com/images/S/compressed.photo.goodreads.com/books/1546081115l/12985._SX98_.jpg'), ('num_pages', '218'), ('work', OrderedDict([('id', '1359590')])), ('isbn', None), ('isbn13', None), ('average_rating', '3.96'), ('ratings_count', '49'), ('publication_year', '2004'), ('publication_month', '7'), ('publication_day', None), ('authors', OrderedDict([('author', OrderedDict([('id', '947'), ('name', 'William Shakespeare'), ('link', 'https://www.goodreads.com/author/show/947.William_Shakespeare')]))]))]), OrderedDict([('id', '3109'), ('uri', 'kca://book/amzn1.gr.book.v1.6MO7AUT4alaNO2mV0MzKnw'), ('title', ""The Omnivore's Dilemma: A Natural History of Four Meals""), ('title_without_series', ""The Omnivore's Dilemma: A Natural History of Four Meals""), ('link', 'https://www.goodreads.com/book/show/3109.The_Omnivore_s_Dilemma'), ('small_image_url', 'https://i.gr-assets.com/images/S/compressed.photo.goodreads.com/books/1393804353l/3109._SY75_.jpg'), ('image_url', 'https://i.gr-assets.com/images/S/compressed.photo.goodreads.com/books/1393804353l/3109._SX98_.jpg'), ('num_pages', '450'), ('work', OrderedDict([('id', '3287769')])), ('isbn', '1594200823'), ('isbn13', '9781594200823'), ('average_rating', '3.96'), ('ratings_count', '49'), ('publication_year', '2006'), ('publication_month', None), ('publication_day', None), ('authors', OrderedDict([('author', OrderedDict([('id', '2121'), ('name', 'Michael Pollan'), ('link', 'https://www.goodreads.com/author/show/2121.Michael_Pollan')]))]))]), OrderedDict([('id', '40092172'), ('uri', 'kca://book/amzn1.gr.book.v1.Vubra43yWDAqTVI82APBng'), ('title', 'Pieter Bruegel: The Complete Works'), ('title_without_series', 'Pieter Bruegel: The Complete Works'), ('link', 'https://www.goodreads.com/book/show/40092172-pieter-bruegel'), ('small_image_url', 'https://i.gr-assets.com/images/S/compressed.photo.goodreads.com/books/1558145815l/40092172._SX50_.jpg'), ('image_url', 'https://i.gr-assets.com/images/S/compressed.photo.goodreads.com/books/1558145815l/40092172._SX98_.jpg'), ('num_pages', None), ('work', OrderedDict([('id', '62136361')])), ('isbn', '3836556898'), ('isbn13', '9783836556897'), ('average_rating', '3.96'), ('ratings_count', '49'), ('publication_year', None), ('publication_month', None), ('publication_day', None), ('authors', OrderedDict([('author', OrderedDict([('id', '410565'), ('name', 'Jürgen Müller'), ('link', 'https://www.goodreads.com/author/show/410565.J_rgen_M_ller')]))]))]), OrderedDict([('id', '6739507'), ('uri', 'kca://book/amzn1.gr.book.v1.38F8j1kN4ozuGNnVs16Lkw'), ('title', 'Le génocide voilé: Enquête historique'), ('title_without_series', 'Le génocide voilé: Enquête historique'), ('link', 'https://www.goodreads.com/book/show/6739507-le-g-nocide-voil'), ('small_image_url', 'https://i.gr-assets.com/images/S/compressed.photo.goodreads.com/books/1429171462l/6739507._SX50_.jpg'), ('image_url', 'https://i.gr-assets.com/images/S/compressed.photo.goodreads.com/books/1429171462l/6739507._SX98_.jpg'), ('num_pages', '253'), ('work', OrderedDict([('id', '6935825')])), ('isbn', '2070119580'), ('isbn13', '9782070119585'), ('average_rating', '3.96'), ('ratings_count', '49'), ('publication_year', '2008'), ('publication_month', '1'), ('publication_day', '17'), ('authors', OrderedDict([('author', OrderedDict([('id', '3033115'), ('name', ""Tidiane N'Diaye""), ('link', 'https://www.goodreads.com/author/show/3033115.Tidiane_N_Diaye')]))]))]), OrderedDict([('id', '32199030'), ('uri', 'kca://book/amzn1.gr.book.v1.v3ufxGhtKXjXgzU43ejAgw'), ('title', 'Textos básicos de antropologia - Cem anos de tradição: Boas, Malinowski, Lévi-Strauss e outros'), ('title_without_series', 'Textos básicos de antropologia - Cem anos de tradição: Boas, Malinowski, Lévi-Strauss e outros'), ('link', 'https://www.goodreads.com/book/show/32199030-textos-b-sicos-de-antropologia---cem-anos-de-tradi-o'), ('small_image_url', 'https://i.gr-assets.com/images/S/compressed.photo.goodreads.com/books/1474813331l/32199030._SX50_.jpg'), ('image_url', 'https://i.gr-assets.com/images/S/compressed.photo.goodreads.com/books/1474813331l/32199030._SX98_.jpg'), ('num_pages', '272'), ('work', OrderedDict([('id', '52842313')])), ('isbn', None), ('isbn13', '9788537815854'), ('average_rating', '3.96'), ('ratings_count', '49'), ('publication_year', '2015'), ('publication_month', '8'), ('publication_day', '23'), ('authors', OrderedDict([('author', OrderedDict([('id', '15750715'), ('name', 'Celso  Castro'), ('link', 'https://www.goodreads.com/author/show/15750715.Celso_Castro')]))]))]), OrderedDict([('id', '17879324'), ('uri', 'kca://book/amzn1.gr.book.v1.nGPpZmnCwEKQV-R7_pfeaw'), ('title', 'Hieronymus Bosch: Complete Works'), ('title_without_series', 'Hieronymus Bosch: Complete Works'), ('link', 'https://www.goodreads.com/book/show/17879324-hieronymus-bosch'), ('small_image_url', 'https://i.gr-assets.com/images/S/compressed.photo.goodreads.com/books/1387410950l/17879324._SX50_.jpg'), ('image_url', 'https://i.gr-assets.com/images/S/compressed.photo.goodreads.com/books/1387410950l/17879324._SX98_.jpg'), ('num_pages', '300'), ('work', OrderedDict([('id', '25038035')])), ('isbn', '3836526298'), ('isbn13', '9783836526296'), ('average_rating', '3.96'), ('ratings_count', '49'), ('publication_year', '2014'), ('publication_month', '1'), ('publication_day', '22'), ('authors', OrderedDict([('author', OrderedDict([('id', '585690'), ('name', 'Stefan Fischer'), ('link', 'https://www.goodreads.com/author/show/585690.Stefan_Fischer')]))]))]), OrderedDict([('id', '636108'), ('uri', 'kca://book/amzn1.gr.book.v1.oTNtiJ2VTZlRfitxvZ26AA'), ('title', 'Dr. Bloodmoney'), ('title_without_series', 'Dr. Bloodmoney'), ('link', 'https://www.goodreads.com/book/show/636108.Dr_Bloodmoney'), ('small_image_url', 'https://i.gr-assets.com/images/S/compressed.photo.goodreads.com/books/1355321708l/636108._SY75_.jpg'), ('image_url', 'https://i.gr-assets.com/images/S/compressed.photo.goodreads.com/books/1355321708l/636108._SX98_.jpg'), ('num_pages', '298'), ('work', OrderedDict([('id', '880666')])), ('isbn', '0375719296'), ('isbn13', '9780375719295'), ('average_rating', '3.96'), ('ratings_count', '49'), ('publication_year', '2002'), ('publication_month', '5'), ('publication_day', '14'), ('authors', OrderedDict([('author', OrderedDict([('id', '4764'), ('name', 'Philip K. Dick'), ('link', 'https://www.goodreads.com/author/show/4764.Philip_K_Dick')]))]))]), OrderedDict([('id', '6425725'), ('uri', 'kca://book/amzn1.gr.book.v1.3vmWqTI2O651_LeuyyK6nQ'), ('title', 'Sense and Sensibility and Sea Monsters'), ('title_without_series', 'Sense and Sensibility and Sea Monsters'), ('link', 'https://www.goodreads.com/book/show/6425725-sense-and-sensibility-and-sea-monsters'), ('small_image_url', 'https://s.gr-assets.com/assets/nophoto/book/50x75-a91bf249278a81aabab721ef782c4a74.png'), ('image_url', 'https://s.gr-assets.com/assets/nophoto/book/111x148-bcc042a9c91a29c1d680899eff700a03.png'), ('num_pages', '340'), ('work', OrderedDict([('id', '6615075')])), ('isbn', '1594744424'), ('isbn13', '9781594744426'), ('average_rating', '3.96'), ('ratings_count', '49'), ('publication_year', '2009'), ('publication_month', '9'), ('publication_day', '15'), ('authors', OrderedDict([('author', OrderedDict([('id', '735413'), ('name', 'Ben H. Winters'), ('link', 'https://www.goodreads.com/author/show/735413.Ben_H_Winters')]))]))]), OrderedDict([('id', '92143'), ('uri', 'kca://book/amzn1.gr.book.v1.kVa5VHKNn9pIl0B_f87QEA'), ('title', 'Bone: The Complete Edition'), ('title_without_series', 'Bone: The Complete Edition'), ('link', 'https://www.goodreads.com/book/show/92143.Bone'), ('small_image_url', 'https://i.gr-assets.com/images/S/compressed.photo.goodreads.com/books/1614067887l/92143._SX50_.jpg'), ('image_url', 'https://i.gr-assets.com/images/S/compressed.photo.goodreads.com/books/1614067887l/92143._SX98_.jpg'), ('num_pages', '1332'), ('work', OrderedDict([('id', '88871')])), ('isbn', '188896314X'), ('isbn13', '9781888963144'), ('average_rating', '3.96'), ('ratings_count', '49'), ('publication_year', '2004'), ('publication_month', None), ('publication_day', None), ('authors', OrderedDict([('author', OrderedDict([('id', '5951'), ('name', 'Jeff Smith'), ('link', 'https://www.goodreads.com/author/show/5951.Jeff_Smith')]))]))])])])",
1,10585823,El catalejo,8433931865,9788433931863,,,,AR,https://i.gr-assets.com/images/S/compressed.photo.goodreads.com/books/1405773444l/10585823._SX98_.jpg,https://i.gr-assets.com/images/S/compressed.photo.goodreads.com/books/1405773444l/10585823._SY75_.jpg,1990,2,,Anagrama,spa,false,"Un ornitólogo austríaco regresa a la costa africana dónde años atrás vivió una intensa historia romántica con una cantante de breve y trágica carrera. La hija de esta cantante, llamada Jyl, una joven superdotada, fue adoptada por Anton-Mokhtar, el antiguo pianista que acompañaba a la cantante fallecida. Las intenciones de Körberg, el ornitólogo austríaco, son ciertamente ambiguas. Permanece a la espera mientras observa a su enemigo y rememora el pasado.<br />La educación de Jyl será confiada a Skoltz, artista ""en ciernes"", amante de su anonimato y de los juegos de go, los pronósticos hípicos y las matemáticas.<br /><br />Entre estos personajes se produce un juego de falsas apariencias y espionaje dónde el lector se sitúa como voyeur de lujo y presencia a través del estilo irónico esta historia dónde el autor se complace en cambiar continuamente de perspectiva y los ángulos de la narración en los momentos más inesperados.","OrderedDict([('id', OrderedDict([('@type', 'integer'), ('#text', '15493137')])), ('books_count', OrderedDict([('@type', 'integer'), ('#text', '4')])), ('best_book_id', OrderedDict([('@type', 'integer'), ('#text', '19547023')])), ('reviews_count', OrderedDict([('@type', 'integer'), ('#text', '103')])), ('ratings_sum', OrderedDict([('@type', 'integer'), ('#text', '147')])), ('ratings_count', OrderedDict([('@type', 'integer'), ('#text', '46')])), ('text_reviews_count', OrderedDict([('@type', 'integer'), ('#text', '9')])), ('original_publication_year', OrderedDict([('@type', 'integer'), ('#text', '1988')])), ('original_publication_month', OrderedDict([('@type', 'integer'), ('@nil', 'true')])), ('original_publication_day', OrderedDict([('@type', 'integer'), ('@nil', 'true')])), ('original_title', 'Longue vue'), ('original_language_id', OrderedDict([('@type', 'integer'), ('@nil', 'true')])), ('media_type', 'book'), ('rating_dist', '5:5|4:13|3:16|2:10|1:2|total:46'), ('desc_user_id', OrderedDict([('@type', 'integer'), ('@nil', 'true')])), ('default_chaptering_book_id', OrderedDict([('@type', 'integer'), ('@nil', 'true')])), ('default_description_language_code', OrderedDict([('@nil', 'true')])), ('work_uri', 'kca://work/amzn1.gr.work.v1.tbEqDfaZsWW9J2yYsWyovQ')])",3.20,135,Paperback,Panorama de narrativas,3,0,https://www.goodreads.com/book/show/10585823-el-catalejo,https://www.goodreads.com/book/show/10585823-el-catalejo,"OrderedDict([('author', [OrderedDict([('id', '219107'), ('name', 'Patrick Deville'), ('role', None), ('image_url', OrderedDict([('@nophoto', 'false'), ('#text', 'https://images.gr-assets.com/authors/1427211562p5/219107.jpg')])), ('small_image_url', OrderedDict([('@nophoto', 'false'), ('#text', 'https://images.gr-assets.com/authors/1427211562p2/219107.jpg')])), ('link', 'https://www.goodreads.com/author/show/219107.Patrick_Deville'), ('average_rating', '3.68'), ('ratings_count', '1627'), ('text_reviews_count', '218')]), OrderedDict([('id', '4383499'), ('name', 'Javier Albiñana'), ('role', 'translator'), ('image_url', OrderedDict([('@nophoto', 'true'), ('#text', 'https://s.gr-assets.com/assets/nophoto/user/u_200x266-e183445fd1a1b5cc7075bb1cf7043306.png')])), ('small_image_url', OrderedDict([('@nophoto', 'true'), ('#text', 'https://s.gr-assets.com/assets/nophoto/user/u_50x66-632230dc9882b4352d753eedf9396530.png')])), ('link', 'https://www.goodreads.com/author/show/4383499.Javier_Albi_ana'), ('average_rating', '3.69'), ('ratings_count', '5265'), ('text_reviews_count', '745')])])])","<style>
  #goodreads-widget {
    font-family: georgia, serif;
    padding: 18px 0;
    width:565px;
  }
  #goodreads-widget h1 {
    font-weight:normal;
    font-size: 16px;
    border-bottom: 1px solid #BBB596;
    margin-bottom: 0;
  }
  #goodreads-widget a {
    text-decoration: none;
    color:#660;
  }
  iframe{
    background-color: #fff;
  }
  #goodreads-widget a:hover { text-decoration: underline; }
  #goodreads-widget a:active {
    color:#660;
  }
  #gr_footer {
    width: 100%;
    border-top: 1px solid #BBB596;
    text-align: right;
  }
  #goodreads-widget .gr_branding{
    color: #382110;
    font-size: 11px;
    text-decoration: none;
    font-family: ""Helvetica Neue"", Helvetica, Arial, sans-serif;
  }
</style>
<div id=""goodreads-widget"">
  <div id=""gr_header""><h1><a rel=""nofollow"" href=""https://www.goodreads.com/book/show/10585823-el-catalejo"">El catalejo Reviews</a></h1></div>
  <iframe id=""the_iframe"" src=""https://www.goodreads.com/api/reviews_widget_iframe?did=DEVELOPER_ID&amp;format=html&amp;isbn=8433931865&amp;links=660&amp;min_rating=&amp;review_back=fff&amp;stars=000&amp;text=000"" width=""565"" height=""400"" frameborder=""0""></iframe>
  <div id=""gr_footer"">
    <a class=""gr_branding"" target=""_blank"" rel=""nofollow noopener noreferrer"" href=""https://www.goodreads.com/book/show/10585823-el-catalejo?utm_medium=api&amp;utm_source=reviews_widget"">Reviews from Goodreads.com</a>
  </div>
</div>","OrderedDict([('shelf', [OrderedDict([('@name', 'to-read'), ('@count', '39')]), OrderedDict([('@name', 'currently-reading'), ('@count', '4')]), OrderedDict([('@name', 'france'), ('@count', '1')]), OrderedDict([('@name', '0-sct-dfree'), ('@count', '1')]), OrderedDict([('@name', '1b-tiểu-thuyết'), ('@count', '1')]), OrderedDict([('@name', '0-thư-viện-khth'), ('@count', '1')]), OrderedDict([('@name', 'văn-học-nước-ngoài'), ('@count', '1')]), OrderedDict([('@name', 'on-shelf'), ('@count', '1')]), OrderedDict([('@name', 'french'), ('@count', '1')]), OrderedDict([('@name', 'pendientes-irl'), ('@count', '1')]), OrderedDict([('@name', 'owned'), ('@count', '1')]), OrderedDict([('@name', 'wlist'), ('@count', '1')]), OrderedDict([('@name', 'doc-xong-quen-het'), ('@count', '1')]), OrderedDict([('@name', 'to-see-the-world'), ('@count', '1')]), OrderedDict([('@name', 'poetry'), ('@count', '1')]), OrderedDict([('@name', 'favorites'), ('@count', '1')]), OrderedDict([('@name', 'francophone'), ('@count', '1')]), OrderedDict([('@name', 'waters'), ('@count', '1')]), OrderedDict([('@name', 'v-n-h-c'), ('@count', '1')]), OrderedDict([('@name', 'novels'), ('@count', '1')]), OrderedDict([('@name', 'french-authors'), ('@count', '1')]), OrderedDict([('@name', 'life'), ('@count', '1')]), OrderedDict([('@name', 'literature'), ('@count', '1')])])])","OrderedDict([('book_link', OrderedDict([('id', '8'), ('name', 'Libraries'), ('link', 'https://www.goodreads.com/book_link/follow/8')]))])","OrderedDict([('buy_link', [OrderedDict([('id', '1'), ('name', 'Amazon'), ('link', 'https://www.goodreads.com/book_link/follow/1')]), OrderedDict([('id', '10'), ('name', 'Audible'), ('link', 'https://www.goodreads.com/book_link/follow/10')]), OrderedDict([('id', '3'), ('name', 'Barnes & Noble'), ('link', 'https://www.goodreads.com/book_link/follow/3')]), OrderedDict([('id', '1027'), ('name', 'Walmart eBooks'), ('link', 'https://www.goodreads.com/book_link/follow/1027')]), OrderedDict([('id', '2102'), ('name', 'Apple Books'), ('link', 'https://www.goodreads.com/book_link/follow/2102')]), OrderedDict([('id', '8036'), ('name', 'Google Play'), ('link', 'https://www.goodreads.com/book_link/follow/8036')]), OrderedDict([('id', '4'), ('name', 'Abebooks'), ('link', 'https://www.goodreads.com/book_link/follow/4')]), OrderedDict([('id', '882'), ('name', 'Book Depository'), ('link', 'https://www.goodreads.com/book_link/follow/882')]), OrderedDict([('id', '5'), ('name', 'Alibris'), ('link', 'https://www.goodreads.com/book_link/follow/5')]), OrderedDict([('id', '9'), ('name', 'Indigo'), ('link', 'https://www.goodreads.com/book_link/follow/9')]), OrderedDict([('id', '107'), ('name', 'Better World Books'), ('link', 'https://www.goodreads.com/book_link/follow/107')]), OrderedDict([('id', '7'), ('name', 'IndieBound'), ('link', 'https://www.goodreads.com/book_link/follow/7')]), OrderedDict([('id', '92'), ('name', 'Thriftbooks'), ('link', 'https://www.goodreads.com/book_link/follow/92')])])])",,"OrderedDict([('book', [OrderedDict([('id', '25883848'), ('uri', 'kca://book/amzn1.gr.book.v1.tKwZH-U6SxfyezXEszhWvw'), ('title', 'The Hating Game'), ('title_without_series', 'The Hating Game'), ('link', 'https://www.goodreads.com/book/show/25883848-the-hating-game'), ('small_image_url', 'https://i.gr-assets.com/images/S/compressed.photo.goodreads.com/books/1467138679l/25883848._SY75_.jpg'), ('image_url', 'https://i.gr-assets.com/images/S/compressed.photo.goodreads.com/books/1467138679l/25883848._SX98_.jpg'), ('num_pages', '387'), ('work', OrderedDict([('id', '45762345')])), ('isbn', None), ('isbn13', None), ('average_rating', '3.20'), ('ratings_count', '46'), ('publication_year', '2016'), ('publication_month', '8'), ('publication_day', '9'), ('authors', OrderedDict([('author', OrderedDict([('id', '18002228'), ('name', 'Sally  Thorne'), ('link', 'https://www.goodreads.com/author/show/18002228.Sally_Thorne')]))]))]), OrderedDict([('id', '42201431'), ('uri', 'kca://book/amzn1.gr.book.v1.VkJ7SloX66u-ogpMTrKnww'), ('title', 'The Unhoneymooners'), ('title_without_series', 'The Unhoneymooners'), ('link', 'https://www.goodreads.com/book/show/42201431-the-unhoneymooners'), ('small_image_url', 'https://i.gr-assets.com/images/S/compressed.photo.goodreads.com/books/1548201335l/42201431._SY75_.jpg'), ('image_url', 'https://i.gr-assets.com/images/S/compressed.photo.goodreads.com/books/1548201335l/42201431._SX98_.jpg'), ('num_pages', '400'), ('work', OrderedDict([('id', '65813986')])), ('isbn', None), ('isbn13', None), ('average_rating', '3.20'), ('ratings_count', '46'), ('publication_year', '2019'), ('publication_month', '5'), ('publication_day', '14'), ('authors', OrderedDict([('author', OrderedDict([('id', '6556689'), ('name', 'Christina Lauren'), ('link', 'https://www.goodreads.com/author/show/6556689.Christina_Lauren')]))]))]), OrderedDict([('id', '1154047'), ('uri', 'kca://book/amzn1.gr.book.v1.ICRV2w3tzvleUsYTnTs3Yg'), ('title', 'Sarrasine'), ('title_without_series', 'Sarrasine'), ('link', 'https://www.goodreads.com/book/show/1154047.Sarrasine'), ('small_image_url', 'https://s.gr-assets.com/assets/nophoto/book/50x75-a91bf249278a81aabab721ef782c4a74.png'), ('image_url', 'https://s.gr-assets.com/assets/nophoto/book/111x148-bcc042a9c91a29c1d680899eff700a03.png'), ('num_pages', '93'), ('work', OrderedDict([('id', '314286')])), ('isbn', '2253193054'), ('isbn13', '9782253193050'), ('average_rating', '3.20'), ('ratings_count', '46'), ('publication_year', '2001'), ('publication_month', '5'), ('publication_day', '23'), ('authors', OrderedDict([('author', OrderedDict([('id', '228089'), ('name', 'Honoré de Balzac'), ('link', 'https://www.goodreads.com/author/show/228089.Honor_de_Balzac')]))]))]), OrderedDict([('id', '1228779'), ('uri', 'kca://book/amzn1.gr.book.v1.MJiy34gCufzBo4YUb1OdzA'), ('title', 'Forever Valley'), ('title_without_series', 'Forever Valley'), ('link', 'https://www.goodreads.com/book/show/1228779.Forever_Valley'), ('small_image_url', 'https://i.gr-assets.com/images/S/compressed.photo.goodreads.com/books/1328817843l/1228779._SY75_.jpg'), ('image_url', 'https://i.gr-assets.com/images/S/compressed.photo.goodreads.com/books/1328817843l/1228779._SX98_.jpg'), ('num_pages', '117'), ('work', OrderedDict([('id', '1217325')])), ('isbn', '0803289510'), ('isbn13', '9780803289512'), ('average_rating', '3.20'), ('ratings_count', '46'), ('publication_year', '1994'), ('publication_month', '9'), ('publication_day', '1'), ('authors', OrderedDict([('author', OrderedDict([('id', '402376'), ('name', 'Marie Redonnet'), ('link', 'https://www.goodreads.com/author/show/402376.Marie_Redonnet')]))]))]), OrderedDict([('id', '16071333'), ('uri', 'kca://book/amzn1.gr.book.v1.Y5qfUcYJW_f4coz7tS3juA'), ('title', '14'), ('title_without_series', '14'), ('link', 'https://www.goodreads.com/book/show/16071333-14'), ('small_image_url', 'https://i.gr-assets.com/images/S/compressed.photo.goodreads.com/books/1465052090l/16071333._SX50_.jpg'), ('image_url', 'https://i.gr-assets.com/images/S/compressed.photo.goodreads.com/books/1465052090l/16071333._SX98_.jpg'), ('num_pages', '124'), ('work', OrderedDict([('id', '21865235')])), ('isbn', '2707322571'), ('isbn13', '9782707322579'), ('average_rating', '3.20'), ('ratings_count', '46'), ('publication_year', '2012'), ('publication_month', '10'), ('publication_day', '4'), ('authors', OrderedDict([('author', OrderedDict([('id', '195045'), ('name', 'Jean Echenoz'), ('link', 'https://www.goodreads.com/author/show/195045.Jean_Echenoz')]))]))]), OrderedDict([('id', '81864'), ('uri', 'kca://book/amzn1.gr.book.v1.oURrBExj8Qehe8EvnLwlFg'), ('title', 'Phèdre'), ('title_without_series', 'Phèdre'), ('link', 'https://www.goodreads.com/book/show/81864.Ph_dre'), ('small_image_url', 'https://i.gr-assets.com/images/S/compressed.photo.goodreads.com/books/1479741004l/81864._SX50_.jpg'), ('image_url', 'https://i.gr-assets.com/images/S/compressed.photo.goodreads.com/books/1479741004l/81864._SX98_.jpg'), ('num_pages', '55'), ('work', OrderedDict([('id', '79040')])), ('isbn', '203034785X'), ('isbn13', '9782030347850'), ('average_rating', '3.20'), ('ratings_count', '46'), ('publication_year', '1971'), ('publication_month', None), ('publication_day', None), ('authors', OrderedDict([('author', OrderedDict([('id', '15686'), ('name', 'Jean Racine'), ('link', 'https://www.goodreads.com/author/show/15686.Jean_Racine')]))]))]), OrderedDict([('id', '599428'), ('uri', 'kca://book/amzn1.gr.book.v1.2TxfCPEmYEYG0FrZqcnVFA'), ('title', 'Ravel'), ('title_without_series', 'Ravel'), ('link', 'https://www.goodreads.com/book/show/599428.Ravel'), ('small_image_url', 'https://i.gr-assets.com/images/S/compressed.photo.goodreads.com/books/1328751539l/599428._SX50_.jpg'), ('image_url', 'https://i.gr-assets.com/images/S/compressed.photo.goodreads.com/books/1328751539l/599428._SX98_.jpg'), ('num_pages', '192'), ('work', OrderedDict([('id', '1595434')])), ('isbn', '1595581154'), ('isbn13', '9781595581150'), ('average_rating', '3.20'), ('ratings_count', '46'), ('publication_year', '2007'), ('publication_month', '6'), ('publication_day', '1'), ('authors', OrderedDict([('author', OrderedDict([('id', '195045'), ('name', 'Jean Echenoz'), ('link', 'https://www.goodreads.com/author/show/195045.Jean_Echenoz')]))]))]), OrderedDict([('id', '6174'), ('uri', 'kca://book/amzn1.gr.book.v1.XGUGhmVvjC6CoQUrTwlgIg'), ('title', 'Survival in Auschwitz'), ('title_without_series', 'Survival in Auschwitz'), ('link', 'https://www.goodreads.com/book/show/6174.Survival_in_Auschwitz'), ('small_image_url', 'https://i.gr-assets.com/images/S/compressed.photo.goodreads.com/books/1414374949l/6174._SX50_.jpg'), ('image_url', 'https://i.gr-assets.com/images/S/compressed.photo.goodreads.com/books/1414374949l/6174._SX98_.jpg'), ('num_pages', '187'), ('work', OrderedDict([('id', '851110')])), ('isbn', '0684826801'), ('isbn13', '9780684826806'), ('average_rating', '3.20'), ('ratings_count', '46'), ('publication_year', '1995'), ('publication_month', '9'), ('publication_day', '1'), ('authors', OrderedDict([('author', OrderedDict([('id', '4187'), ('name', 'Primo Levi'), ('link', 'https://www.goodreads.com/author/show/4187.Primo_Levi')]))]))]), OrderedDict([('id', '44429051'), ('uri', 'kca://book/amzn1.gr.book.v1.lC9xHiMQW8J2C0lpwPDs8g'), ('title', 'Herkunft'), ('title_without_series', 'Herkunft'), ('link', 'https://www.goodreads.com/book/show/44429051-herkunft'), ('small_image_url', 'https://i.gr-assets.com/images/S/compressed.photo.goodreads.com/books/1552569522l/44429051._SY75_.jpg'), ('image_url', 'https://i.gr-assets.com/images/S/compressed.photo.goodreads.com/books/1552569522l/44429051._SX98_.jpg'), ('num_pages', '365'), ('work', OrderedDict([('id', '68990636')])), ('isbn', None), ('isbn13', '9783630874739'), ('average_rating', '3.20'), ('ratings_count', '46'), ('publication_year', '2019'), ('publication_month', '3'), ('publication_day', '17'), ('authors', OrderedDict([('author', OrderedDict([('id', '877513'), ('name', 'Saša Stanišić'), ('link', 'https://www.goodreads.com/author/show/877513.Sa_a_Stani_i_')]))]))]), OrderedDict([('id', '5814'), ('uri', 'kca://book/amzn1.gr.book.v1.7s2yg3zUCj-E8HWvq1J_fg'), ('title', 'Slow Learner: Early Stories'), ('title_without_series', 'Slow Learner: Early Stories'), ('link', 'https://www.goodreads.com/book/show/5814.Slow_Learner'), ('small_image_url', 'https://i.gr-assets.com/images/S/compressed.photo.goodreads.com/books/1330433001l/5814._SY75_.jpg'), ('image_url', 'https://i.gr-assets.com/images/S/compressed.photo.goodreads.com/books/1330433001l/5814._SX98_.jpg'), ('num_pages', '195'), ('work', OrderedDict([('id', '1888601')])), ('isbn', '0099532514'), ('isbn13', '9780099532514'), ('average_rating', '3.20'), ('ratings_count', '46'), ('publication_year', '1995'), ('publication_month', '2'), ('publication_day', '16'), ('authors', OrderedDict([('author', OrderedDict([('id', '235'), ('name', 'Thomas Pynchon'), ('link', 'https://www.goodreads.com/author/show/235.Thomas_Pynchon')]))]))]), OrderedDict([('id', '407489'), ('uri', 'kca://book/amzn1.gr.book.v1.jf8hVeAPyqLJ9acCd0nZ8A'), ('title', 'The Bathroom'), ('title_without_series', 'The Bathroom'), ('link', 'https://www.goodreads.com/book/show/407489.The_Bathroom'), ('small_image_url', 'https://s.gr-assets.com/assets/nophoto/book/50x75-a91bf249278a81aabab721ef782c4a74.png'), ('image_url', 'https://s.gr-assets.com/assets/nophoto/book/111x148-bcc042a9c91a29c1d680899eff700a03.png'), ('num_pages', None), ('work', OrderedDict([('id', '396809')])), ('isbn', '0714528803'), ('isbn13', '9780714528809'), ('average_rating', '3.20'), ('ratings_count', '46'), ('publication_year', '1991'), ('publication_month', '10'), ('publication_day', '1'), ('authors', OrderedDict([('author', OrderedDict([('id', '230842'), ('name', 'Jean-Philippe Toussaint'), ('link', 'https://www.goodreads.com/author/show/230842.Jean_Philippe_Toussaint')]))]))]), OrderedDict([('id', '35524097'), ('uri', 'kca://book/amzn1.gr.book.v1.PBZaki8VSS2PRGcNXjNu7A'), ('title', 'La Disparition de Josef Mengele'), ('title_without_series', 'La Disparition de Josef Mengele'), ('link', 'https://www.goodreads.com/book/show/35524097-la-disparition-de-josef-mengele'), ('small_image_url', 'https://i.gr-assets.com/images/S/compressed.photo.goodreads.com/books/1498566033l/35524097._SX50_.jpg'), ('image_url', 'https://i.gr-assets.com/images/S/compressed.photo.goodreads.com/books/1498566033l/35524097._SX98_.jpg'), ('num_pages', '240'), ('work', OrderedDict([('id', '56942121')])), ('isbn', '224685587X'), ('isbn13', '9782246855873'), ('average_rating', '3.20'), ('ratings_count', '46'), ('publication_year', '2017'), ('publication_month', '8'), ('publication_day', '16'), ('authors', OrderedDict([('author', OrderedDict([('id', '2029570'), ('name', 'Olivier Guez'), ('link', 'https://www.goodreads.com/author/show/2029570.Olivier_Guez')]))]))])])])",
2,43184141,Stephen Wilkes. Day to Night,3836562693,9783836562690,,,,AR,https://i.gr-assets.com/images/S/compressed.photo.goodreads.com/books/1559926533l/43184141._SX98_.jpg,https://i.gr-assets.com/images/S/compressed.photo.goodreads.com/books/1559926533l/43184141._SX50_.jpg,2019,7,9,Taschen,,false,"If you were to stand in one spot at an iconic location for 30 hours and simply observe, never closing your eyes, you still wouldn't be able to take in all the detail and emotion found in a Stephen Wilkes panoramic photograph. Not only does Wilkes shoot over 1,500 exposures from a fixed angle, he also distills this visual information afterward in his studio, painstakingly composing selected frames into a single image.<br /><br />Day to Night presents 60 epic panoramas created between 2009 and 2018, shot everywhere from Africa's Serengeti to the Champs-�lys�es in Paris, from the Grand Canyon to Coney Island, from Trafalgar Square to Red Square. Each composition is a labor of love as well as patience. Wilkes waited more than two years to gain permission to photograph Pope Francis celebrating Easter mass in the Vatican, ultimately producing a vivid tableau in which the pontiff appears 10 times.<br /><br />The book also features extraordinary details--works of art in their own right that highlight the stories contained within each image. A bride makes her way through Central Park; in Tanzania, zebras gather around a near-invisible watering hole during a drought; in Rio de Janeiro, surfers come and go while a man holds a sign reading ""No more than two questions per customer."" ""It is exactly these small stories, these details, that draw people into the photographs,"" says Wilkes. Once discovered, these mini narratives lend each composition a personal, candid feel.<br /><br />This collection takes us on a seamless trip from dawn to dark across the world's most iconic locations, unveiling the unique ebb and flow of man-made and natural landmarks like never before.<br /><br />Also available in two Art Editions of 100 copies respectively, each with a print numbered and signed by the photographer.","OrderedDict([('id', OrderedDict([('@type', 'integer'), ('#text', '67000957')])), ('books_count', OrderedDict([('@type', 'integer'), ('#text', '1')])), ('best_book_id', OrderedDict([('@type', 'integer'), ('#text', '43184141')])), ('reviews_count', OrderedDict([('@type', 'integer'), ('#text', '23')])), ('ratings_sum', OrderedDict([('@type', 'integer'), ('#text', '15')])), ('ratings_count', OrderedDict([('@type', 'integer'), ('#text', '4')])), ('text_reviews_count', OrderedDict([('@type', 'integer'), ('#text', '0')])), ('original_publication_year', OrderedDict([('@type', 'integer'), ('@nil', 'true')])), ('original_publication_month', OrderedDict([('@type', 'integer'), ('@nil', 'true')])), ('original_publication_day', OrderedDict([('@type', 'integer'), ('@nil', 'true')])), ('original_title', OrderedDict([('@nil', 'true')])), ('original_language_id', OrderedDict([('@type', 'integer'), ('@nil', 'true')])), ('media_type', OrderedDict([('@nil', 'true')])), ('rating_dist', '5:2|4:1|3:0|2:0|1:1|total:4'), ('desc_user_id', OrderedDict([('@type', 'integer'), ('#text', '-51')])), ('default_chaptering_book_id', OrderedDict([('@type', 'integer'), ('@nil', 'true')])), ('default_description_language_code', OrderedDict([('@nil', 'true')])), ('work_uri', 'kca://work/amzn1.gr.work.v1.fg1oGUCuK_fEKYb7G69JfA')])",3.75,260,Hardcover,,4,0,https://www.goodreads.com/book/show/43184141-stephen-wilkes-day-to-night,https://www.goodreads.com/book/show/43184141-stephen-wilkes-day-to-night,"OrderedDict([('author', [OrderedDict([('id', '38276'), ('name', 'Lyle Rexer'), ('role', None), ('image_url', OrderedDict([('@nophoto', 'false'), ('#text', 'https://images.gr-assets.com/authors/1363934412p5/38276.jpg')])), ('small_image_url', OrderedDict([('@nophoto', 'false'), ('#text', 'https://images.gr-assets.com/authors/1363934412p2/38276.jpg')])), ('link', 'https://www.goodreads.com/author/show/38276.Lyle_Rexer'), ('average_rating', '4.18'), ('ratings_count', '163'), ('text_reviews_count', '10')]), OrderedDict([('id', '12927'), ('name', 'Stephen Wilkes'), ('role', 'Photographer'), ('image_url', OrderedDict([('@nophoto', 'true'), ('#text', 'https://s.gr-assets.com/assets/nophoto/user/u_200x266-e183445fd1a1b5cc7075bb1cf7043306.png')])), ('small_image_url', OrderedDict([('@nophoto', 'true'), ('#text', 'https://s.gr-assets.com/assets/nophoto/user/u_50x66-632230dc9882b4352d753eedf9396530.png')])), ('link', 'https://www.goodreads.com/author/show/12927.Stephen_Wilkes'), ('average_rating', '4.39'), ('ratings_count', '69'), ('text_reviews_count', '6')])])])","<style>
  #goodreads-widget {
    font-family: georgia, serif;
    padding: 18px 0;
    width:565px;
  }
  #goodreads-widget h1 {
    font-weight:normal;
    font-size: 16px;
    border-bottom: 1px solid #BBB596;
    margin-bottom: 0;
  }
  #goodreads-widget a {
    text-decoration: none;
    color:#660;
  }
  iframe{
    background-color: #fff;
  }
  #goodreads-widget a:hover { text-decoration: underline; }
  #goodreads-widget a:active {
    color:#660;
  }
  #gr_footer {
    width: 100%;
    border-top: 1px solid #BBB596;
    text-align: right;
  }
  #goodreads-widget .gr_branding{
    color: #382110;
    font-size: 11px;
    text-decoration: none;
    font-family: ""Helvetica Neue"", Helvetica, Arial, sans-serif;
  }
</style>
<div id=""goodreads-widget"">
  <div id=""gr_header""><h1><a rel=""nofollow"" href=""https://www.goodreads.com/book/show/43184141-stephen-wilkes-day-to-night"">Stephen Wilkes. Day to Night Reviews</a></h1></div>
  <iframe id=""the_iframe"" src=""https://www.goodreads.com/api/reviews_widget_iframe?did=DEVELOPER_ID&amp;format=html&amp;isbn=3836562693&amp;links=660&amp;min_rating=&amp;review_back=fff&amp;stars=000&amp;text=000"" width=""565"" height=""400"" frameborder=""0""></iframe>
  <div id=""gr_footer"">
    <a class=""gr_branding"" target=""_blank"" rel=""nofollow noopener noreferrer"" href=""https://www.goodreads.com/book/show/43184141-stephen-wilkes-day-to-night?utm_medium=api&amp;utm_source=reviews_widget"">Reviews from Goodreads.com</a>
  </div>
</div>","OrderedDict([('shelf', [OrderedDict([('@name', 'to-read'), ('@count', '17')]), OrderedDict([('@name', 'coffeetable'), ('@count', '1')]), OrderedDict([('@name', 'white'), ('@count', '1')]), OrderedDict([('@name', 'owned-photography'), ('@count', '1')]), OrderedDict([('@name', 'photobooks'), ('@count', '1')]), OrderedDict([('@name', 'photo'), ('@count', '1')]), OrderedDict([('@name', 'non-fiction'), ('@count', '1')]), OrderedDict([('@name', 'art-design'), ('@count', '1')]), OrderedDict([('@name', 'alta-online-recommends'), ('@count', '1')]), OrderedDict([('@name', 'alta-online-recommends'), ('@count', '1')])])])","OrderedDict([('book_link', OrderedDict([('id', '8'), ('name', 'Libraries'), ('link', 'https://www.goodreads.com/book_link/follow/8')]))])","OrderedDict([('buy_link', [OrderedDict([('id', '1'), ('name', 'Amazon'), ('link', 'https://www.goodreads.com/book_link/follow/1')]), OrderedDict([('id', '10'), ('name', 'Audible'), ('link', 'https://www.goodreads.com/book_link/follow/10')]), OrderedDict([('id', '3'), ('name', 'Barnes & Noble'), ('link', 'https://www.goodreads.com/book_link/follow/3')]), OrderedDict([('id', '1027'), ('name', 'Walmart eBooks'), ('link', 'https://www.goodreads.com/book_link/follow/1027')]), OrderedDict([('id', '2102'), ('name', 'Apple Books'), ('link', 'https://www.goodreads.com/book_link/follow/2102')]), OrderedDict([('id', '8036'), ('name', 'Google Play'), ('link', 'https://www.goodreads.com/book_link/follow/8036')]), OrderedDict([('id', '4'), ('name', 'Abebooks'), ('link', 'https://www.goodreads.com/book_link/follow/4')]), OrderedDict([('id', '882'), ('name', 'Book Depository'), ('link', 'https://www.goodreads.com/book_link/follow/882')]), OrderedDict([('id', '5'), ('name', 'Alibris'), ('link', 'https://www.goodreads.com/book_link/follow/5')]), OrderedDict([('id', '9'), ('name', 'Indigo'), ('link', 'https://www.goodreads.com/book_link/follow/9')]), OrderedDict([('id', '107'), ('name', 'Better World Books'), ('link', 'https://www.goodreads.com/book_link/follow/107')]), OrderedDict([('id', '7'), ('name', 'IndieBound'), ('link', 'https://www.goodreads.com/book_link/follow/7')]), OrderedDict([('id', '92'), ('name', 'Thriftbooks'), ('link', 'https://www.goodreads.com/book_link/follow/92')])])])",,"OrderedDict([('book', [OrderedDict([('id', '54907902'), ('uri', 'kca://book/amzn1.gr.book.v3.NQ-WAXPNHnAkcWmf'), ('title', 'Lopussa minun pitäisi kuolla'), ('title_without_series', 'Lopussa minun pitäisi kuolla'), ('link', 'https://www.goodreads.com/book/show/54907902-lopussa-minun-pit-isi-kuolla'), ('small_image_url', 'https://i.gr-assets.com/images/S/compressed.photo.goodreads.com/books/1597323920l/54907902._SY75_.jpg'), ('image_url', 'https://i.gr-assets.com/images/S/compressed.photo.goodreads.com/books/1597323920l/54907902._SX98_.jpg'), ('num_pages', '126'), ('work', OrderedDict([('id', '85681571')])), ('isbn', None), ('isbn13', '9789518519730'), ('average_rating', '3.75'), ('ratings_count', '4'), ('publication_year', '2020'), ('publication_month', '8'), ('publication_day', '7'), ('authors', OrderedDict([('author', OrderedDict([('id', '3189301'), ('name', 'Hannele Mikaela Taivassalo'), ('link', 'https://www.goodreads.com/author/show/3189301.Hannele_Mikaela_Taivassalo')]))]))]), OrderedDict([('id', '52321511'), ('uri', 'kca://book/amzn1.gr.book.v3.hyC6x2IFaVZXnS4T'), ('title', 'Bravey'), ('title_without_series', 'Bravey'), ('link', 'https://www.goodreads.com/book/show/52321511-bravey'), ('small_image_url', 'https://i.gr-assets.com/images/S/compressed.photo.goodreads.com/books/1600114227l/52321511._SY75_.jpg'), ('image_url', 'https://i.gr-assets.com/images/S/compressed.photo.goodreads.com/books/1600114227l/52321511._SX98_.jpg'), ('num_pages', '310'), ('work', OrderedDict([('id', '77506573')])), ('isbn', '1984801120'), ('isbn13', '9781984801128'), ('average_rating', '3.75'), ('ratings_count', '4'), ('publication_year', '2021'), ('publication_month', '1'), ('publication_day', '12'), ('authors', OrderedDict([('author', OrderedDict([('id', '20064231'), ('name', 'Alexi Pappas'), ('link', 'https://www.goodreads.com/author/show/20064231.Alexi_Pappas')]))]))]), OrderedDict([('id', '31307672'), ('uri', 'kca://book/amzn1.gr.book.v1.fgJdDqfMVtdli_EIItQ1dg'), ('title', ""How to Be Everything: A Guide for Those Who (Still) Don't Know What They Want to Be When They Grow Up""), ('title_without_series', ""How to Be Everything: A Guide for Those Who (Still) Don't Know What They Want to Be When They Grow Up""), ('link', 'https://www.goodreads.com/book/show/31307672-how-to-be-everything'), ('small_image_url', 'https://i.gr-assets.com/images/S/compressed.photo.goodreads.com/books/1486512765l/31307672._SX50_.jpg'), ('image_url', 'https://i.gr-assets.com/images/S/compressed.photo.goodreads.com/books/1486512765l/31307672._SX98_.jpg'), ('num_pages', '240'), ('work', OrderedDict([('id', '51979236')])), ('isbn', '0062566687'), ('isbn13', '9780062566683'), ('average_rating', '3.75'), ('ratings_count', '4'), ('publication_year', '2017'), ('publication_month', '5'), ('publication_day', '2'), ('authors', OrderedDict([('author', OrderedDict([('id', '4569950'), ('name', 'Emilie Wapnick'), ('link', 'https://www.goodreads.com/author/show/4569950.Emilie_Wapnick')]))]))]), OrderedDict([('id', '53059764'), ('uri', 'kca://book/amzn1.gr.book.v3.fZCMOds98kUKSmMA'), ('title', 'In Case You Missed It'), ('title_without_series', 'In Case You Missed It'), ('link', 'https://www.goodreads.com/book/show/53059764-in-case-you-missed-it'), ('small_image_url', 'https://i.gr-assets.com/images/S/compressed.photo.goodreads.com/books/1592253193l/53059764._SY75_.jpg'), ('image_url', 'https://i.gr-assets.com/images/S/compressed.photo.goodreads.com/books/1592253193l/53059764._SX98_.jpg'), ('num_pages', None), ('work', OrderedDict([('id', '73617973')])), ('isbn', '0008384657'), ('isbn13', '9780008384654'), ('average_rating', '3.75'), ('ratings_count', '4'), ('publication_year', None), ('publication_month', None), ('publication_day', None), ('authors', OrderedDict([('author', OrderedDict([('id', '2824597'), ('name', 'Lindsey Kelk'), ('link', 'https://www.goodreads.com/author/show/2824597.Lindsey_Kelk')]))]))]), OrderedDict([('id', '68452'), ('uri', 'kca://book/amzn1.gr.book.v1.Fvq2qU602TjxgYNOr3ArGg'), ('title', 'Pani Jeziora (Saga o Wiedźminie, #5)'), ('title_without_series', 'Pani Jeziora'), ('link', 'https://www.goodreads.com/book/show/68452.Pani_Jeziora'), ('small_image_url', 'https://s.gr-assets.com/assets/nophoto/book/50x75-a91bf249278a81aabab721ef782c4a74.png'), ('image_url', 'https://s.gr-assets.com/assets/nophoto/book/111x148-bcc042a9c91a29c1d680899eff700a03.png'), ('num_pages', '520'), ('work', OrderedDict([('id', '66346')])), ('isbn', '8370541291'), ('isbn13', '9788370541293'), ('average_rating', '3.75'), ('ratings_count', '4'), ('publication_year', '2001'), ('publication_month', None), ('publication_day', None), ('authors', OrderedDict([('author', OrderedDict([('id', '38569'), ('name', 'Andrzej Sapkowski'), ('link', 'https://www.goodreads.com/author/show/38569.Andrzej_Sapkowski')]))]))]), OrderedDict([('id', '49976087'), ('uri', 'kca://book/amzn1.gr.book.v3.uNKdOZ5Plw6NvUtE'), ('title', 'Take a Hint, Dani Brown (The Brown Sisters, #2)'), ('title_without_series', 'Take a Hint, Dani Brown'), ('link', 'https://www.goodreads.com/book/show/49976087-take-a-hint-dani-brown'), ('small_image_url', 'https://s.gr-assets.com/assets/nophoto/book/50x75-a91bf249278a81aabab721ef782c4a74.png'), ('image_url', 'https://s.gr-assets.com/assets/nophoto/book/111x148-bcc042a9c91a29c1d680899eff700a03.png'), ('num_pages', '400'), ('work', OrderedDict([('id', '72583521')])), ('isbn', '0062941259'), ('isbn13', '9780062941251'), ('average_rating', '3.75'), ('ratings_count', '4'), ('publication_year', None), ('publication_month', None), ('publication_day', None), ('authors', OrderedDict([('author', OrderedDict([('id', '17088554'), ('name', 'Talia Hibbert'), ('link', 'https://www.goodreads.com/author/show/17088554.Talia_Hibbert')]))]))]), OrderedDict([('id', '34466952'), ('uri', 'kca://book/amzn1.gr.book.v1.mDndmEh2Op6tlBh14NHEHw'), ('title', 'The Power of Moments: Why Certain Experiences Have Extraordinary Impact'), ('title_without_series', 'The Power of Moments: Why Certain Experiences Have Extraordinary Impact'), ('link', 'https://www.goodreads.com/book/show/34466952-the-power-of-moments'), ('small_image_url', 'https://i.gr-assets.com/images/S/compressed.photo.goodreads.com/books/1506854677l/34466952._SY75_.jpg'), ('image_url', 'https://i.gr-assets.com/images/S/compressed.photo.goodreads.com/books/1506854677l/34466952._SX98_.jpg'), ('num_pages', '320'), ('work', OrderedDict([('id', '55587025')])), ('isbn', '1501147765'), ('isbn13', '9781501147760'), ('average_rating', '3.75'), ('ratings_count', '4'), ('publication_year', '2017'), ('publication_month', '10'), ('publication_day', '3'), ('authors', OrderedDict([('author', OrderedDict([('id', '39021'), ('name', 'Chip Heath'), ('link', 'https://www.goodreads.com/author/show/39021.Chip_Heath')]))]))]), OrderedDict([('id', '46161166'), ('uri', 'kca://book/amzn1.gr.book.v1.Ln0qz0YzDXzTEDDSCaAXvQ'), ('title', ""Don't Overthink It: Make Easier Decisions, Stop Second-Guessing, and Bring More Joy to Your Life""), ('title_without_series', ""Don't Overthink It: Make Easier Decisions, Stop Second-Guessing, and Bring More Joy to Your Life""), ('link', 'https://www.goodreads.com/book/show/46161166-don-t-overthink-it'), ('small_image_url', 'https://i.gr-assets.com/images/S/compressed.photo.goodreads.com/books/1561384132l/46161166._SY75_.jpg'), ('image_url', 'https://i.gr-assets.com/images/S/compressed.photo.goodreads.com/books/1561384132l/46161166._SX98_.jpg'), ('num_pages', '217'), ('work', OrderedDict([('id', '71116671')])), ('isbn', '0801094461'), ('isbn13', '9780801094460'), ('average_rating', '3.75'), ('ratings_count', '4'), ('publication_year', '2020'), ('publication_month', '3'), ('publication_day', '3'), ('authors', OrderedDict([('author', OrderedDict([('id', '6537850'), ('name', 'Anne Bogel'), ('link', 'https://www.goodreads.com/author/show/6537850.Anne_Bogel')]))]))]), OrderedDict([('id', '36099978'), ('uri', 'kca://book/amzn1.gr.book.v1.CW3Kcq-YOoiDa7NPYIBQkw'), ('title', 'Season of Storms (The Witcher, #0.6)'), ('title_without_series', 'Season of Storms'), ('link', 'https://www.goodreads.com/book/show/36099978-season-of-storms'), ('small_image_url', 'https://i.gr-assets.com/images/S/compressed.photo.goodreads.com/books/1514124650l/36099978._SY75_.jpg'), ('image_url', 'https://i.gr-assets.com/images/S/compressed.photo.goodreads.com/books/1514124650l/36099978._SX98_.jpg'), ('num_pages', '419'), ('work', OrderedDict([('id', '26575985')])), ('isbn', None), ('isbn13', '9780316441636'), ('average_rating', '3.75'), ('ratings_count', '4'), ('publication_year', '2018'), ('publication_month', '5'), ('publication_day', '22'), ('authors', OrderedDict([('author', OrderedDict([('id', '38569'), ('name', 'Andrzej Sapkowski'), ('link', 'https://www.goodreads.com/author/show/38569.Andrzej_Sapkowski')]))]))]), OrderedDict([('id', '52908942'), ('uri', 'kca://book/amzn1.gr.book.v3.6rqw8sF8u7wKuQ2a'), ('title', 'How to Avoid a Climate Disaster: The Solutions We Have and the Breakthroughs We Need'), ('title_without_series', 'How to Avoid a Climate Disaster: The Solutions We Have and the Breakthroughs We Need'), ('link', 'https://www.goodreads.com/book/show/52908942-how-to-avoid-a-climate-disaster'), ('small_image_url', 'https://i.gr-assets.com/images/S/compressed.photo.goodreads.com/books/1603822695l/52908942._SX50_.jpg'), ('image_url', 'https://i.gr-assets.com/images/S/compressed.photo.goodreads.com/books/1603822695l/52908942._SX98_.jpg'), ('num_pages', None), ('work', OrderedDict([('id', '73626311')])), ('isbn', '0385546130'), ('isbn13', '9780385546133'), ('average_rating', '3.75'), ('ratings_count', '4'), ('publication_year', None), ('publication_month', None), ('publication_day', None), ('authors', OrderedDict([('author', OrderedDict([('id', '23470'), ('name', 'Bill  Gates'), ('link', 'https://www.goodreads.com/author/show/23470.Bill_Gates')]))]))]), OrderedDict([('id', '22429350'), ('uri', 'kca://book/amzn1.gr.book.v1.nQnjK7SewoVi7Tph2qMExQ'), ('title', 'The Start of Me and You (The Start of Me and You, #1)'), ('title_without_series', 'The Start of Me and You'), ('link', 'https://www.goodreads.com/book/show/22429350-the-start-of-me-and-you'), ('small_image_url', 'https://i.gr-assets.com/images/S/compressed.photo.goodreads.com/books/1405440794l/22429350._SY75_.jpg'), ('image_url', 'https://i.gr-assets.com/images/S/compressed.photo.goodreads.com/books/1405440794l/22429350._SX98_.jpg'), ('num_pages', '376'), ('work', OrderedDict([('id', '41849936')])), ('isbn', '1619633590'), ('isbn13', '9781619633599'), ('average_rating', '3.75'), ('ratings_count', '4'), ('publication_year', '2015'), ('publication_month', '3'), ('publication_day', '31'), ('authors', OrderedDict([('author', OrderedDict([('id', '6553850'), ('name', 'Emery Lord'), ('link', 'https://www.goodreads.com/author/show/6553850.Emery_Lord')]))]))]), OrderedDict([('id', '13547241'), ('uri', 'kca://book/amzn1.gr.book.v1.GYZc_oOeCl7I6wMzscJatA'), ('title', 'Unorthodox: The Scandalous Rejection of My Hasidic Roots'), ('title_without_series', 'Unorthodox: The Scandalous Rejection of My Hasidic Roots'), ('link', 'https://www.goodreads.com/book/show/13547241-unorthodox'), ('small_image_url', 'https://i.gr-assets.com/images/S/compressed.photo.goodreads.com/books/1336676500l/13547241._SY75_.jpg'), ('image_url', 'https://i.gr-assets.com/images/S/compressed.photo.goodreads.com/books/1336676500l/13547241._SX98_.jpg'), ('num_pages', '272'), ('work', OrderedDict([('id', '16322595')])), ('isbn', '1439187010'), ('isbn13', '9781439187012'), ('average_rating', '3.75'), ('ratings_count', '4'), ('publication_year', '2012'), ('publication_month', '10'), ('publication_day', '2'), ('authors', OrderedDict([('author', OrderedDict([('id', '4860073'), ('name', 'Deborah Feldman'), ('link', 'https://www.goodreads.com/author/show/4860073.Deborah_Feldman')]))]))]), OrderedDict([('id', '30268522'), ('uri', 'kca://book/amzn1.gr.book.v1.L53gXi3nNbK006MBt78Jvg'), ('title', 'Why Not Me?'), ('title_without_series', 'Why Not Me?'), ('link', 'https://www.goodreads.com/book/show/30268522-why-not-me'), ('small_image_url', 'https://i.gr-assets.com/images/S/compressed.photo.goodreads.com/books/1473956249l/30268522._SY75_.jpg'), ('image_url', 'https://i.gr-assets.com/images/S/compressed.photo.goodreads.com/books/1473956249l/30268522._SX98_.jpg'), ('num_pages', '240'), ('work', OrderedDict([('id', '41897766')])), ('isbn', '0804138168'), ('isbn13', '9780804138161'), ('average_rating', '3.75'), ('ratings_count', '4'), ('publication_year', '2016'), ('publication_month', '9'), ('publication_day', '27'), ('authors', OrderedDict([('author', OrderedDict([('id', '194416'), ('name', 'Mindy Kaling'), ('link', 'https://www.goodreads.com/author/show/194416.Mindy_Kaling')]))]))]), OrderedDict([('id', '36010223'), ('uri', 'kca://book/amzn1.gr.book.v1.0IZwl8lddN5YQPi987CQZg'), ('title', 'Smoke in the Sun (Flame in the Mist, #2)'), ('title_without_series', 'Smoke in the Sun'), ('link', 'https://www.goodreads.com/book/show/36010223-smoke-in-the-sun'), ('small_image_url', 'https://i.gr-assets.com/images/S/compressed.photo.goodreads.com/books/1515100323l/36010223._SY75_.jpg'), ('image_url', 'https://i.gr-assets.com/images/S/compressed.photo.goodreads.com/books/1515100323l/36010223._SX98_.jpg'), ('num_pages', '408'), ('work', OrderedDict([('id', '52087144')])), ('isbn', '152473814X'), ('isbn13', '9781524738143'), ('average_rating', '3.75'), ('ratings_count', '4'), ('publication_year', '2018'), ('publication_month', '6'), ('publication_day', '5'), ('authors', OrderedDict([('author', OrderedDict([('id', '4600197'), ('name', 'Renée Ahdieh'), ('link', 'https://www.goodreads.com/author/show/4600197.Ren_e_Ahdieh')]))]))]), OrderedDict([('id', '20696006'), ('uri', 'kca://book/amzn1.gr.book.v1.4PkqS8RYKG9hFTPt4YuqWA'), ('title', 'Being Mortal: Medicine and What Matters in the End'), ('title_without_series', 'Being Mortal: Medicine and What Matters in the End'), ('link', 'https://www.goodreads.com/book/show/20696006-being-mortal'), ('small_image_url', 'https://i.gr-assets.com/images/S/compressed.photo.goodreads.com/books/1408324949l/20696006._SY75_.jpg'), ('image_url', 'https://i.gr-assets.com/images/S/compressed.photo.goodreads.com/books/1408324949l/20696006._SX98_.jpg'), ('num_pages', '282'), ('work', OrderedDict([('id', '40015533')])), ('isbn', '0805095152'), ('isbn13', '9780805095159'), ('average_rating', '3.75'), ('ratings_count', '4'), ('publication_year', '2014'), ('publication_month', '10'), ('publication_day', '7'), ('authors', OrderedDict([('author', OrderedDict([('id', '3078'), ('name', 'Atul Gawande'), ('link', 'https://www.goodreads.com/author/show/3078.Atul_Gawande')]))]))]), OrderedDict([('id', '33954'), ('uri', 'kca://book/amzn1.gr.book.v1.Jb-hoIBSgWM7ssqC198pPQ'), ('title', 'The Spook Who Sat by the Door'), ('title_without_series', 'The Spook Who Sat by the Door'), ('link', 'https://www.goodreads.com/book/show/33954.The_Spook_Who_Sat_by_the_Door'), ('small_image_url', 'https://i.gr-assets.com/images/S/compressed.photo.goodreads.com/books/1410163596l/33954._SY75_.jpg'), ('image_url', 'https://i.gr-assets.com/images/S/compressed.photo.goodreads.com/books/1410163596l/33954._SX98_.jpg'), ('num_pages', '256'), ('work', OrderedDict([('id', '282478')])), ('isbn', '1930097271'), ('isbn13', '9781930097278'), ('average_rating', '3.75'), ('ratings_count', '4'), ('publication_year', '2014'), ('publication_month', '1'), ('publication_day', '16'), ('authors', OrderedDict([('author', OrderedDict([('id', '19121'), ('name', 'Sam Greenlee'), ('link', 'https://www.goodreads.com/author/show/19121.Sam_Greenlee')]))]))]), OrderedDict([('id', '27774980'), ('uri', 'kca://book/amzn1.gr.book.v1.dUgH_HVluW0DqPqvGnjwMA'), ('title', 'Read This if You Want to Take Great Photographs of People'), ('title_without_series', 'Read This if You Want to Take Great Photographs of People'), ('link', 'https://www.goodreads.com/book/show/27774980-read-this-if-you-want-to-take-great-photographs-of-people'), ('small_image_url', 'https://s.gr-assets.com/assets/nophoto/book/50x75-a91bf249278a81aabab721ef782c4a74.png'), ('image_url', 'https://s.gr-assets.com/assets/nophoto/book/111x148-bcc042a9c91a29c1d680899eff700a03.png'), ('num_pages', None), ('work', OrderedDict([('id', '47751076')])), ('isbn', None), ('isbn13', None), ('average_rating', '3.75'), ('ratings_count', '4'), ('publication_year', None), ('publication_month', None), ('publication_day', None), ('authors', OrderedDict([('author', OrderedDict([('id', '5293242'), ('name', 'Henry Carroll'), ('link', 'https://www.goodreads.com/author/show/5293242.Henry_Carroll')]))]))]), OrderedDict([('id', '10255645'), ('uri', 'kca://book/amzn1.gr.book.v1.-87Poz2Inhl-fhoHWSKf0Q'), ('title', 'Midnight Movie'), ('title_without_series', 'Midnight Movie'), ('link', 'https://www.goodreads.com/book/show/10255645-midnight-movie'), ('small_image_url', 'https://i.gr-assets.com/images/S/compressed.photo.goodreads.com/books/1320442138l/10255645._SY75_.jpg'), ('image_url', 'https://i.gr-assets.com/images/S/compressed.photo.goodreads.com/books/1320442138l/10255645._SX98_.jpg'), ('num_pages', '315'), ('work', OrderedDict([('id', '15155891')])), ('isbn', '0307717011'), ('isbn13', '9780307717016'), ('average_rating', '3.75'), ('ratings_count', '4'), ('publication_year', '2011'), ('publication_month', '7'), ('publication_day', '12'), ('authors', OrderedDict([('author', OrderedDict([('id', '4590234'), ('name', 'Tobe Hooper'), ('link', 'https://www.goodreads.com/author/show/4590234.Tobe_Hooper')]))]))])])])",
3,0,Los cuadernos,,,,,,,,,,,,,,,,,,,,,,,,,,,0,,,,0,Richard Brereton
4,5671986,Arte De Hoy,3822855227,9783822855225,,,,AR,https://s.gr-assets.com/assets/nophoto/book/111x148-bcc042a9c91a29c1d680899eff700a03.png,https://s.gr-assets.com/assets/nophoto/book/50x75-a91bf249278a81aabab721ef782c4a74.png,,,,,,false,,"OrderedDict([('id', OrderedDict([('@type', 'integer'), ('#text', '5843531')])), ('books_count', OrderedDict([('@type', 'integer'), ('#text', '1')])), ('best_book_id', OrderedDict([('@type', 'integer'), ('#text', '5671986')])), ('reviews_count', OrderedDict([('@type', 'integer'), ('#text', '15')])), ('ratings_sum', OrderedDict([('@type', 'integer'), ('#text', '23')])), ('ratings_count', OrderedDict([('@type', 'integer'), ('#text', '6')])), ('text_reviews_count', OrderedDict([('@type', 'integer'), ('#text', '0')])), ('original_publication_year', OrderedDict([('@type', 'integer'), ('#text', '2002')])), ('original_publication_month', OrderedDict([('@type', 'integer'), ('#text', '1')])), ('original_publication_day', OrderedDict([('@type', 'integer'), ('@nil', 'true')])), ('original_title', 'Arte De Hoy'), ('original_language_id', OrderedDict([('@type', 'integer'), ('@nil', 'true')])), ('media_type', OrderedDict([('@nil', 'true')])), ('rating_dist', '5:1|4:3|3:2|2:0|1:0|total:6'), ('desc_user_id', OrderedDict([('@type', 'integer'), ('@nil', 'true')])), ('default_chaptering_book_id', OrderedDict([('@type', 'integer'), ('@nil', 'true')])), ('default_description_language_code', OrderedDict([('@nil', 'true')])), ('work_uri', 'kca://work/amzn1.gr.work.v1.9rUBst7h06k0zVhw7RkK-A')])",3.83,,,,6,0,https://www.goodreads.com/book/show/5671986-arte-de-hoy,https://www.goodreads.com/book/show/5671986-arte-de-hoy,"OrderedDict([('author', [OrderedDict([('id', '2538960'), ('name', 'Riemschneider B.'), ('role', None), ('image_url', OrderedDict([('@nophoto', 'true'), ('#text', 'https://s.gr-assets.com/assets/nophoto/user/u_200x266-e183445fd1a1b5cc7075bb1cf7043306.png')])), ('small_image_url', OrderedDict([('@nophoto', 'true'), ('#text', 'https://s.gr-assets.com/assets/nophoto/user/u_50x66-632230dc9882b4352d753eedf9396530.png')])), ('link', 'https://www.goodreads.com/author/show/2538960.Riemschneider_B_'), ('average_rating', '3.83'), ('ratings_count', '6'), ('text_reviews_count', '0')]), OrderedDict([('id', '345661'), ('name', 'Burkhard Riemschneider'), ('role', None), ('image_url', OrderedDict([('@nophoto', 'true'), ('#text', 'https://s.gr-assets.com/assets/nophoto/user/u_200x266-e183445fd1a1b5cc7075bb1cf7043306.png')])), ('small_image_url', OrderedDict([('@nophoto', 'true'), ('#text', 'https://s.gr-assets.com/assets/nophoto/user/u_50x66-632230dc9882b4352d753eedf9396530.png')])), ('link', 'https://www.goodreads.com/author/show/345661.Burkhard_Riemschneider'), ('average_rating', '3.90'), ('ratings_count', '1061'), ('text_reviews_count', '61')])])])","<style>
  #goodreads-widget {
    font-family: georgia, serif;
    padding: 18px 0;
    width:565px;
  }
  #goodreads-widget h1 {
    font-weight:normal;
    font-size: 16px;
    border-bottom: 1px solid #BBB596;
    margin-bottom: 0;
  }
  #goodreads-widget a {
    text-decoration: none;
    color:#660;
  }
  iframe{
    background-color: #fff;
  }
  #goodreads-widget a:hover { text-decoration: underline; }
  #goodreads-widget a:active {
    color:#660;
  }
  #gr_footer {
    width: 100%;
    border-top: 1px solid #BBB596;
    text-align: right;
  }
  #goodreads-widget .gr_branding{
    color: #382110;
    font-size: 11px;
    text-decoration: none;
    font-family: ""Helvetica Neue"", Helvetica, Arial, sans-serif;
  }
</style>
<div id=""goodreads-widget"">
  <div id=""gr_header""><h1><a rel=""nofollow"" href=""https://www.goodreads.com/book/show/5671986-arte-de-hoy"">Arte De Hoy Reviews</a></h1></div>
  <iframe id=""the_iframe"" src=""https://www.goodreads.com/api/reviews_widget_iframe?did=DEVELOPER_ID&amp;format=html&amp;isbn=3822855227&amp;links=660&amp;min_rating=&amp;review_back=fff&amp;stars=000&amp;text=000"" width=""565"" height=""400"" frameborder=""0""></iframe>
  <div id=""gr_footer"">
    <a class=""gr_branding"" target=""_blank"" rel=""nofollow noopener noreferrer"" href=""https://www.goodreads.com/book/show/5671986-arte-de-hoy?utm_medium=api&amp;utm_source=reviews_widget"">Reviews from Goodreads.com</a>
  </div>
</div>","OrderedDict([('shelf', [OrderedDict([('@name', 'to-read'), ('@count', '4')]), OrderedDict([('@name', 'currently-reading'), ('@count', '2')]), OrderedDict([('@name', 'arte'), ('@count', '1')]), OrderedDict([('@name', 'librería'), ('@count', '1')]), OrderedDict([('@name', 'default'), ('@count', '1')]), OrderedDict([('@name', 'art'), ('@count', '1')]), OrderedDict([('@name', 'design'), ('@count', '1')])])])","OrderedDict([('book_link', OrderedDict([('id', '8'), ('name', 'Libraries'), ('link', 'https://www.goodreads.com/book_link/follow/8')]))])","OrderedDict([('buy_link', [OrderedDict([('id', '1'), ('name', 'Amazon'), ('link', 'https://www.goodreads.com/book_link/follow/1')]), OrderedDict([('id', '10'), ('name', 'Audible'), ('link', 'https://www.goodreads.com/book_link/follow/10')]), OrderedDict([('id', '3'), ('name', 'Barnes & Noble'), ('link', 'https://www.goodreads.com/book_link/follow/3')]), OrderedDict([('id', '1027'), ('name', 'Walmart eBooks'), ('link', 'https://www.goodreads.com/book_link/follow/1027')]), OrderedDict([('id', '2102'), ('name', 'Apple Books'), ('link', 'https://www.goodreads.com/book_link/follow/2102')]), OrderedDict([('id', '8036'), ('name', 'Google Play'), ('link', 'https://www.goodreads.com/book_link/follow/8036')]), OrderedDict([('id', '4'), ('name', 'Abebooks'), ('link', 'https://www.goodreads.com/book_link/follow/4')]), OrderedDict([('id', '882'), ('name', 'Book Depository'), ('link', 'https://www.goodreads.com/book_link/follow/882')]), OrderedDict([('id', '5'), ('name', 'Alibris'), ('link', 'https://www.goodreads.com/book_link/follow/5')]), OrderedDict([('id', '9'), ('name', 'Indigo'), ('link', 'https://www.goodreads.com/book_link/follow/9')]), OrderedDict([('id', '107'), ('name', 'Better World Books'), ('link', 'https://www.goodreads.com/book_link/follow/107')]), OrderedDict([('id', '7'), ('name', 'IndieBound'), ('link', 'https://www.goodreads.com/book_link/follow/7')]), OrderedDict([('id', '92'), ('name', 'Thriftbooks'), ('link', 'https://www.goodreads.com/book_link/follow/92')])])])",,,
